-- prj2.sql

-- USERS --
INSERT INTO users (id, username, email, password_hash)
VALUES
(1, 'clay', 'wieringac@huntington.edu', 'hash1'),
(2, 'david', 'david@hotmail.com', 'hash2'),
(3, 'ben', 'ben@gmail.com', 'hash3'),
(4, 'jesse', 'jesse@yahoo.com', 'hash4'),
(5, 'eve', 'eve@gmail.com', 'hash5'),
(6, 'frank', 'frank@gmail.com', 'hash6'),
(7, 'grace', 'grace@yahoo.com', 'hash7'),
(8, 'jeff', 'jeff@hotmail.com', 'hash8'),
(9, 'ivan', 'ivan@gmail.com', 'hash9'),
(10, 'nick', 'nick@yahoo.com', 'hash10'),
(11, 'mallory', 'mallory@gmail.com', 'hash11'),
(12, 'nancy', 'nancy@gmail.com', 'hash12'),
(13, 'oliver', 'oliver@hotmail.com', 'hash13'),
(14, 'sam', 'sam@yahoo.com', 'hash14'),
(15, 'quentin', 'quentin@gmail.com', 'hash15'),
(16, 'rachel', 'rachel@yahoo.com', 'hash16'),
(17, 'steve', 'steve@gmail.com', 'hash17'),
(18, 'trent', 'trent@gmail.com', 'hash18'),
(19, 'victor', 'victor@hotmail.com', 'hash19'),
(20, 'dale', 'dale@yahoo.com', 'hash20');


-- PRODUCT_CATALOG --
INSERT INTO product_catalog (id, name, description, code, weight, link)
VALUES
(1, 'Barley', 'Whole Barley - Animal Feed, Organic', 'GP168', '45 lb', 'https://azurestandard.com/barley'),
(2, 'Oats', 'Oats Steel Cut GF Organic', 'CE641', '25 lb', 'https://azurestandard.com/oats'),
(3, 'Chickpeas', 'Garbanzo Beans Organic', 'BE036', '25 lb', 'https://azurestandard.com/chickpeas'),
(4, 'Chicken Wheat', 'Chicken Wheat Animal Feed Organic', 'GP073', '50 lb', 'https://azurestandard.com/chickenwheat'),
(5, 'Alfalfa', 'Alfalfa Pellets Organic', 'GP491', '40 lb', 'https://azurestandard.com/alfalfa'),
(6, 'Peas', 'Field Peas Animal Feed Organic', 'GP559', '50 lb', 'https://azurestandard.com/peas'),
(7, 'Whole Corn', 'Whole Yellow Corn Animal Feed Organic', 'GP850', '50 lb', 'https://azurestandard.com/corn'),
(8, 'Sunflower Seeds', 'Sunflower Seeds Black Oil Organic', 'GP603', '25 lb', 'https://azurestandard.com/sunflower'),
(9, 'Quinoa', 'Quinoa White Organic', 'GR074', '25 lb', 'https://azurestandard.com/quinoa'),
(10, 'Flax Seeds', 'Flax Seeds Organic', 'SE019', '50 lb', 'https://azurestandard.com/flax'),
(11, 'Rye', 'Azure Market Organics Rye Grain', 'GR059', '50 lb', 'https://azurestandard.com/rye');


-- USER_PRODUCT --
INSERT INTO user_product (user_id, product_id, scraping, favorite, notify_low_stock, track_price)
VALUES
(1, 1, TRUE, FALSE, TRUE, TRUE),
(1, 2, TRUE, TRUE, FALSE, TRUE),
(1, 3, TRUE, FALSE, TRUE, TRUE),
(1, 4, TRUE, FALSE, FALSE, TRUE),
(1, 5, TRUE, TRUE, FALSE, TRUE),
(1, 6, TRUE, FALSE, TRUE, TRUE),
(1, 7, TRUE, FALSE, FALSE, TRUE),
(1, 8, TRUE, TRUE, TRUE, TRUE),
(1, 9, TRUE, FALSE, FALSE, TRUE),
(1, 10, TRUE, FALSE, TRUE, TRUE),
(1, 11, TRUE, FALSE, FALSE, TRUE),

(2, 1, TRUE, FALSE, TRUE, TRUE),
(2, 2, TRUE, TRUE, FALSE, TRUE),
(2, 3, TRUE, FALSE, TRUE, TRUE),
(2, 4, TRUE, FALSE, FALSE, TRUE),
(2, 5, TRUE, FALSE, FALSE, TRUE),
(2, 6, TRUE, FALSE, TRUE, TRUE),
(2, 7, TRUE, FALSE, FALSE, TRUE),
(2, 8, TRUE, FALSE, FALSE, TRUE),
(2, 9, TRUE, FALSE, FALSE, TRUE),
(2, 10, TRUE, FALSE, FALSE, TRUE),
(2, 11, TRUE, FALSE, TRUE, TRUE),

(3, 1, TRUE, FALSE, TRUE, TRUE),
(3, 2, TRUE, TRUE, FALSE, TRUE),
(3, 3, TRUE, FALSE, TRUE, TRUE),
(3, 4, TRUE, TRUE, FALSE, TRUE),
(3, 5, TRUE, FALSE, TRUE, TRUE),
(3, 6, TRUE, FALSE, TRUE, TRUE),
(3, 7, TRUE, TRUE, FALSE, TRUE),
(3, 8, TRUE, FALSE, FALSE, TRUE),
(3, 9, TRUE, FALSE, FALSE, TRUE),
(3, 10, TRUE, FALSE, FALSE, TRUE),
(3, 11, TRUE, FALSE, FALSE, TRUE),

(4, 1, TRUE, FALSE, TRUE, TRUE),
(4, 2, TRUE, FALSE, FALSE, TRUE),
(4, 3, TRUE, FALSE, FALSE, TRUE),
(4, 4, TRUE, FALSE, FALSE, TRUE),
(4, 5, TRUE, FALSE, FALSE, TRUE),
(4, 6, TRUE, FALSE, FALSE, TRUE),
(4, 7, TRUE, FALSE, FALSE, TRUE),
(4, 8, TRUE, FALSE, FALSE, TRUE),
(4, 9, TRUE, FALSE, FALSE, TRUE),
(4, 10, TRUE, FALSE, FALSE, TRUE),
(4, 11, TRUE, FALSE, FALSE, TRUE),

(5, 1, TRUE, FALSE, TRUE, TRUE),
(5, 2, TRUE, FALSE, FALSE, TRUE),
(5, 3, TRUE, FALSE, FALSE, TRUE),
(5, 4, TRUE, FALSE, FALSE, TRUE),
(5, 5, TRUE, FALSE, FALSE, TRUE),
(5, 6, TRUE, FALSE, FALSE, TRUE),
(5, 7, TRUE, FALSE, FALSE, TRUE),
(5, 8, TRUE, FALSE, FALSE, TRUE),
(5, 9, TRUE, FALSE, FALSE, TRUE),
(5, 10, TRUE, FALSE, FALSE, TRUE),
(5, 11, TRUE, FALSE, FALSE, TRUE);


-- PRODUCT_DATA --
INSERT INTO product_data (product_id, timestamp, price_cents, stock)
VALUES
(1,'2024-06-24 17:24:47',2358,2589),
(2,'2024-06-24 17:24:47',3068,100),
(3,'2024-06-24 17:24:47',5209,698),
(4,'2024-06-24 17:24:47',3258,1054),
(5,'2024-06-24 17:24:47',3082,1053),
(6,'2024-06-24 17:24:47',4038,358),
(7,'2024-06-24 17:24:47',2473,475),
(8,'2024-06-24 17:24:47',5513,63),
(9,'2024-06-24 17:24:47',5578,1325),
(10,'2024-06-24 17:24:47',6818,824),
(11,'2024-06-24 17:24:47',4239,618),

(1,'2024-07-01 09:00:00',2300,2600),
(2,'2024-07-01 09:00:00',3040,99),
(3,'2024-07-01 09:00:00',5250,700),
(4,'2024-07-01 09:00:00',3300,1052),
(5,'2024-07-01 09:00:00',3100,1050),
(6,'2024-07-01 09:00:00',4050,355),
(7,'2024-07-01 09:00:00',2490,470),
(8,'2024-07-01 09:00:00',5500,60),
(9,'2024-07-01 09:00:00',5600,1320),
(10,'2024-07-01 09:00:00',6850,820),
(11,'2024-07-01 09:00:00',4290,620),

(1,'2024-07-08 09:00:00',2380,2590),
(2,'2024-07-08 09:00:00',3000,98),
(3,'2024-07-08 09:00:00',5180,690),
(4,'2024-07-08 09:00:00',3280,1053),
(5,'2024-07-08 09:00:00',3070,1051),
(6,'2024-07-08 09:00:00',3990,360),
(7,'2024-07-08 09:00:00',2450,478),
(8,'2024-07-08 09:00:00',5490,61),
(9,'2024-07-08 09:00:00',5580,1321),
(10,'2024-07-08 09:00:00',6820,825),
(11,'2024-07-08 09:00:00',4210,615),

(1,'2024-07-15 09:00:00',2380,2690),
(2,'2024-07-15 09:00:00',3000,108),
(3,'2024-07-15 09:00:00',5180,790),
(4,'2024-07-15 09:00:00',3280,1253),
(5,'2024-07-15 09:00:00',3070,951),
(6,'2024-07-15 09:00:00',3990,480),
(7,'2024-07-15 09:00:00',2450,498),
(8,'2024-07-15 09:00:00',5490,91),
(9,'2024-07-15 09:00:00',5580,1621),
(10,'2024-07-15 09:00:00',6820,925),
(11,'2024-07-15 09:00:00',4300,625),

(1,'2024-07-22 09:00:00',2400,2700),
(2,'2024-07-22 09:00:00',3020,107),
(3,'2024-07-22 09:00:00',5220,700),
(4,'2024-07-22 09:00:00',3320,1260),
(5,'2024-07-22 09:00:00',3090,940),
(6,'2024-07-22 09:00:00',4020,470),
(7,'2024-07-22 09:00:00',2480,490),
(8,'2024-07-22 09:00:00',5520,92),
(9,'2024-07-22 09:00:00',5590,1600),
(10,'2024-07-22 09:00:00',6840,928),
(11,'2024-07-22 09:00:00',4310,630),

(1,'2024-07-29 09:00:00',2410,2680),
(2,'2024-07-29 09:00:00',3010,105),
(3,'2024-07-29 09:00:00',5170,710),
(4,'2024-07-29 09:00:00',3270,1240),
(5,'2024-07-29 09:00:00',3050,930),
(6,'2024-07-29 09:00:00',3970,485),
(7,'2024-07-29 09:00:00',2420,460),
(8,'2024-07-29 09:00:00',5460,85),
(9,'2024-07-29 09:00:00',5560,1580),
(10,'2024-07-29 09:00:00',6790,900),
(11,'2024-07-29 09:00:00',4200,600),

(1,'2024-08-05 09:00:00',2390,2670),
(2,'2024-08-05 09:00:00',2990,104),
(3,'2024-08-05 09:00:00',5160,715),
(4,'2024-08-05 09:00:00',3260,1230),
(5,'2024-08-05 09:00:00',3040,920),
(6,'2024-08-05 09:00:00',3960,488),
(7,'2024-08-05 09:00:00',2430,462),
(8,'2024-08-05 09:00:00',5470,83),
(9,'2024-08-05 09:00:00',5570,1590),
(10,'2024-08-05 09:00:00',6810,897),
(11,'2024-08-05 09:00:00',4220,602),

(1,'2024-08-12 09:00:00',2400,2660),
(2,'2024-08-12 09:00:00',2980,102),
(3,'2024-08-12 09:00:00',5150,720),
(4,'2024-08-12 09:00:00',3275,1225),
(5,'2024-08-12 09:00:00',3060,915),
(6,'2024-08-12 09:00:00',3975,490),
(7,'2024-08-12 09:00:00',2440,465),
(8,'2024-08-12 09:00:00',5480,84),
(9,'2024-08-12 09:00:00',5585,1595),
(10,'2024-08-12 09:00:00',6830,910),
(11,'2024-08-12 09:00:00',4260,610),

(1,'2024-08-19 09:00:00',2410,2655),
(2,'2024-08-19 09:00:00',2975,103),
(3,'2024-08-19 09:00:00',5140,725),
(4,'2024-08-19 09:00:00',3290,1218),
(5,'2024-08-19 09:00:00',3075,910),
(6,'2024-08-19 09:00:00',3985,492),
(7,'2024-08-19 09:00:00',2435,468),
(8,'2024-08-19 09:00:00',5495,86),
(9,'2024-08-19 09:00:00',5590,1602),
(10,'2024-08-19 09:00:00',6845,912),
(11,'2024-08-19 09:00:00',4275,612),

(1,'2024-08-26 09:00:00',2425,2668),
(2,'2024-08-26 09:00:00',2985,101),
(3,'2024-08-26 09:00:00',5165,728),
(4,'2024-08-26 09:00:00',3305,1220),
(5,'2024-08-26 09:00:00',3080,920),
(6,'2024-08-26 09:00:00',4000,495),
(7,'2024-08-26 09:00:00',2445,470),
(8,'2024-08-26 09:00:00',5505,87),
(9,'2024-08-26 09:00:00',5600,1608),
(10,'2024-08-26 09:00:00',6855,918),
(11,'2024-08-26 09:00:00',4295,615);
